"title","rating"
"Chamber Italian","NC-17"
"Grosse Wonderful","R"
"Airport Pollock","R"
"Bright Encounters","PG-13"
"Academy Dinosaur","PG"
"Adaptation Holes","NC-17"
"Agent Truman","PG"
"Airplane Sierra","PG-13"
"Alabama Devil","PG-13"
"Aladdin Calendar","NC-17"
"Alaska Phantom","PG"
"Date Speed","R"
"Ali Forever","PG"
"Alice Fantasia","NC-17"
"Alien Center","NC-17"
"Alley Evolution","NC-17"
"Alone Trip","R"
"Alter Victory","PG-13"
"Amadeus Holy","PG"
"Amelie Hellfighters","R"
"American Circus","R"
"Anaconda Confessions","R"
"Analyze Hoosiers","R"
"Anonymous Human","NC-17"
"Anthem Luke","PG-13"
"Antitrust Tomatoes","NC-17"
"Anything Savannah","R"
"Apache Divine","NC-17"
"Apocalypse Flamingos","R"
"Apollo Teen","PG-13"
"Arabia Dogma","NC-17"
"Arachnophobia Rollercoaster","PG-13"
"Argonauts Town","PG-13"
"Arizona Bang","PG"
"Ark Ridgemont","NC-17"
"Army Flintstones","R"
"Arsenic Independence","PG"
"Artist Coldblooded","NC-17"
"Dying Maker","PG"
"Attacks Hate","PG-13"
"Attraction Newton","PG-13"
"Baby Hall","NC-17"
"Backlash Undefeated","PG-13"
"Badman Dawn","R"
"Balloon Homeward","NC-17"
"Bang Kwai","NC-17"
"Banger Pinocchio","R"
"Basic Easy","PG-13"
"Bear Graceland","R"
"Beast Hunchback","R"
"Bed Highball","NC-17"
"Bedazzled Married","PG"
"Beethoven Exorcist","PG-13"
"Behavior Runaway","PG"
"Beneath Rush","NC-17"
"Berets Agent","PG-13"
"Betrayed Rear","NC-17"
"Beverly Outlaw","R"
"Bikini Borrowers","NC-17"
"Bilko Anonymous","PG-13"
"Bill Others","PG"
"Bingo Talented","PG-13"
"Birch Antitrust","PG"
"Birdcage Casper","NC-17"
"Blackout Private","PG"
"Blade Polish","PG-13"
"Blindness Gun","PG-13"
"Boiled Dares","PG"
"Boogie Amelie","R"
"Boondock Ballroom","NC-17"
"Born Spinal","PG"
"Boulevard Mob","R"
"Bound Cheaper","PG"
"Bowfinger Gables","NC-17"
"Brannigan Sunrise","PG"
"Braveheart Human","PG-13"
"Breaking Home","PG-13"
"Bringing Hysterical","PG"
"Brooklyn Desert","R"
"Brotherhood Blanket","R"
"Bubble Grosse","R"
"Bucket Brotherhood","PG"
"Bull Shawshank","NC-17"
"Butch Panther","PG-13"
"Cabin Flash","NC-17"
"Caddyshack Jedi","NC-17"
"Calendar Gunfight","NC-17"
"California Birds","NC-17"
"Camelot Vacation","NC-17"
"Campus Remember","R"
"Candidate Perdition","R"
"Candles Grapes","NC-17"
"Canyon Stock","R"
"Caribbean Liberty","NC-17"
"Carol Texas","PG"
"Carrie Bunch","PG"
"Casper Dragonfly","PG-13"
"Cassidy Wyoming","NC-17"
"Cause Date","R"
"Celebrity Horn","PG-13"
"Center Dinosaur","PG"
"Chainsaw Uptown","PG"
"Champion Flatliners","PG"
"Chance Resurrection","R"
"Chaplin License","NC-17"
"Charade Duffel","PG"
"Chariots Conspiracy","R"
"Chasing Fight","PG"
"Chicago North","PG-13"
"Chicken Hellfighters","PG"
"Chill Luck","PG"
"Chinatown Gladiator","PG"
"Chocolat Harry","NC-17"
"Chocolate Duck","R"
"Christmas Moonshine","NC-17"
"Cider Desire","PG"
"Cincinatti Whisperer","NC-17"
"Circus Youth","PG-13"
"Cleopatra Devil","PG-13"
"Clockwork Paradise","PG-13"
"Clones Pinocchio","R"
"Closer Bang","R"
"Club Graffiti","PG-13"
"Clue Grail","NC-17"
"Clueless Bucket","R"
"Clyde Theory","PG-13"
"Coast Rainbow","PG"
"Core Suit","PG-13"
"Coma Head","NC-17"
"Comancheros Enemy","R"
"Comforts Rush","NC-17"
"Command Darling","PG-13"
"Commandments Express","R"
"Coneheads Smoochy","NC-17"
"Confessions Maguire","PG-13"
"Confidential Interview","NC-17"
"Confused Candles","PG-13"
"Congeniality Quest","PG-13"
"Connecticut Tramp","R"
"Conspiracy Spirit","PG-13"
"Contact Anonymous","PG-13"
"Conversation Downhill","R"
"Cowboy Doom","PG"
"Craft Outfield","NC-17"
"Cranes Reservoir","NC-17"
"Crazy Home","PG"
"Creatures Shakespeare","NC-17"
"Creepers Kane","NC-17"
"Crooked Frogmen","PG-13"
"Crossing Divorce","R"
"Crow Grease","PG"
"Crowds Telemark","R"
"Crusade Honey","R"
"Crystal Breaking","NC-17"
"Cupboard Sinners","R"
"Curtain Videotape","PG-13"
"Cyclone Family","PG"
"Dalmations Sweden","PG"
"Dances None","NC-17"
"Dangerous Uptown","PG"
"Dares Pluto","PG-13"
"Darkness War","NC-17"
"Darko Dorado","NC-17"
"Darling Breaking","PG-13"
"Daughter Madigan","PG-13"
"Dawn Pond","PG"
"Deceiver Betrayed","NC-17"
"Deep Crusade","PG-13"
"Deer Virginian","NC-17"
"Deliverance Mulholland","R"
"Desert Poseidon","R"
"Desire Alien","NC-17"
"Destination Jerk","PG-13"
"Details Packer","R"
"Detective Vision","PG-13"
"Devil Desire","R"
"Dinosaur Secretary","R"
"Dirty Ace","NC-17"
"Disciple Mother","PG"
"Disturbing Scarface","R"
"Divide Monster","PG-13"
"Divine Resurrection","R"
"Dolls Rage","PG-13"
"Donnie Alley","NC-17"
"Doom Dancing","R"
"Doors President","NC-17"
"Dorado Notting","NC-17"
"Double Wrath","R"
"Doubtfire Labyrinth","R"
"Dozen Lion","NC-17"
"Dragon Squad","NC-17"
"Dragonfly Strangers","NC-17"
"Dream Pickup","PG"
"Drifter Commandments","PG-13"
"Driver Annie","PG-13"
"Driving Polish","NC-17"
"Drop Waterfront","R"
"Drums Dynamite","PG"
"Duck Racer","NC-17"
"Dumbo Lust","NC-17"
"Durham Panky","R"
"Dynamite Tarzan","PG-13"
"Eagles Panky","NC-17"
"Early Home","NC-17"
"Earring Instinct","R"
"Earth Vision","NC-17"
"Edge Kissing","NC-17"
"Effect Gladiator","PG"
"Egg Igby","PG"
"Egypt Tenenbaums","PG"
"Element Freddy","NC-17"
"Elephant Trojan","PG-13"
"Elf Murder","NC-17"
"Elizabeth Shane","NC-17"
"Encounters Curtain","NC-17"
"Ending Crowds","NC-17"
"Enemy Odds","NC-17"
"English Bulworth","PG-13"
"Enough Raging","NC-17"
"Entrapment Satisfaction","R"
"Escape Metropolis","R"
"Everyone Craft","PG"
"Evolution Alter","PG-13"
"Expecations Natural","PG-13"
"Expendable Stallion","PG"
"Express Lonely","R"
"Eyes Driving","PG-13"
"Factory Dragon","PG-13"
"Falcon Volume","PG-13"
"Family Sweet","R"
"Fantasy Troopers","PG-13"
"Fatal Haunted","PG"
"Feathers Metal","PG-13"
"Fellowship Autumn","NC-17"
"Ferris Mother","PG"
"Feud Frogmen","R"
"Fever Empire","R"
"Fiction Christmas","PG"
"Fiddler Lost","R"
"Fight Jawbreaker","R"
"Finding Anaconda","R"
"Fire Wolves","R"
"Fireball Philadelphia","PG"
"Fish Opus","R"
"Flamingos Connecticut","PG-13"
"Flash Wars","NC-17"
"Flight Lies","R"
"Flintstones Happiness","PG-13"
"Floats Garden","PG-13"
"Flying Hook","NC-17"
"Fool Mockingbird","PG"
"Forever Candidate","NC-17"
"Forrest Sons","R"
"Forrester Comancheros","NC-17"
"Forward Temple","NC-17"
"Frankenstein Stranger","NC-17"
"Freaky Pocus","R"
"Freddy Storm","NC-17"
"Freedom Cleopatra","PG-13"
"French Holiday","PG"
"Frida Slipper","R"
"Frisco Forrest","PG"
"Frogmen Breaking","R"
"Frontier Cabin","PG-13"
"Frost Head","PG"
"Fugitive Maguire","R"
"Full Flatliners","PG"
"Fury Murder","PG-13"
"Gables Metropolis","PG"
"Galaxy Sweethearts","R"
"Games Bowfinger","PG-13"
"Gandhi Kwai","PG-13"
"Gangs Pride","PG-13"
"Gaslight Crusade","PG"
"Gathering Calendar","PG-13"
"Gentlemen Stage","NC-17"
"Ghostbusters Elf","R"
"Giant Troopers","R"
"Gilmore Boiled","R"
"Gladiator Westward","PG"
"Gleaming Jawbreaker","NC-17"
"Glory Tracy","PG-13"
"Go Purple","R"
"Godfather Diary","NC-17"
"Gold River","R"
"Goldmine Tycoon","R"
"Gone Trouble","R"
"Goodfellas Salute","PG"
"Gorgeous Bingo","R"
"Graceland Dynamite","R"
"Graffiti Love","PG"
"Grail Frankenstein","NC-17"
"Greatest North","NC-17"
"Greedy Roots","R"
"Greek Everyone","PG"
"Grinch Massage","R"
"Grit Clockwork","PG"
"Groove Fiction","NC-17"
"Groundhog Uncut","PG-13"
"Gump Date","NC-17"
"Gunfight Moon","NC-17"
"Gunfighter Mussolini","PG-13"
"Guys Falcon","R"
"Half Outfield","PG-13"
"Hall Cassidy","NC-17"
"Halloween Nuts","PG-13"
"Hamlet Wisdom","R"
"Identity Lover","PG-13"
"Handicap Boondock","R"
"Hanky October","NC-17"
"Hanover Galaxy","NC-17"
"Hardly Robbers","R"
"Harold French","NC-17"
"Harry Idaho","PG-13"
"Hate Handicap","PG"
"Haunted Antitrust","NC-17"
"Haunting Pianist","R"
"Hawk Chill","PG-13"
"Head Stranger","R"
"Heaven Freedom","PG"
"Heavenly Gun","NC-17"
"Hedwig Alter","NC-17"
"Hellfighters Sierra","PG"
"High Encino","R"
"Highball Potter","R"
"Hobbit Alien","PG-13"
"Holes Brannigan","PG"
"Holiday Games","PG-13"
"Hollow Jeopardy","NC-17"
"Hollywood Anonymous","PG"
"Holocaust Highball","R"
"Holy Tadpole","R"
"Home Pity","R"
"Homeward Cider","R"
"Homicide Peach","PG-13"
"Honey Ties","R"
"Idols Snatchers","NC-17"
"Hope Tootsie","NC-17"
"Horn Working","PG"
"Horror Reign","R"
"Hotel Happiness","PG-13"
"Hours Rage","NC-17"
"House Dynamite","R"
"Human Graffiti","NC-17"
"Hunchback Impossible","PG-13"
"Hunter Alter","PG-13"
"Hunting Musketeers","NC-17"
"Hurricane Affair","PG"
"Hustler Party","NC-17"
"Hysterical Grail","PG"
"Ice Crossing","R"
"Idaho Love","PG-13"
"Igby Maker","NC-17"
"Illusion Amelie","R"
"Image Princess","PG-13"
"Impact Aladdin","PG-13"
"Impossible Prejudice","NC-17"
"Inch Jet","NC-17"
"Independence Hotel","NC-17"
"Indian Love","NC-17"
"Informer Double","NC-17"
"Innocent Usual","PG-13"
"Insects Stone","NC-17"
"Insider Arizona","NC-17"
"Instinct Airport","PG"
"Intentions Empire","PG-13"
"Interview Liaisons","R"
"Intolerable Intentions","PG-13"
"Invasion Cyclone","PG"
"Iron Moon","PG"
"Ishtar Rocketeer","R"
"Island Exorcist","NC-17"
"Jacket Frisco","PG-13"
"Jade Bunch","NC-17"
"Jason Trap","NC-17"
"Jawbreaker Brooklyn","PG"
"Jedi Beneath","PG"
"Jeepers Wedding","R"
"Jekyll Frogmen","PG"
"Jeopardy Encino","R"
"Jericho Mulan","NC-17"
"Jerk Paycheck","NC-17"
"Jersey Sassy","PG"
"Jet Neighbors","R"
"Jingle Sagebrush","PG-13"
"Joon Northwest","NC-17"
"Juggler Hardly","PG-13"
"Jumping Wrath","NC-17"
"Jungle Closer","NC-17"
"Kane Exorcist","R"
"Karate Moon","PG-13"
"Kentuckian Giant","PG"
"Kick Savannah","PG-13"
"Killer Innocent","R"
"King Evolution","NC-17"
"Kiss Glory","PG-13"
"Kissing Dolls","R"
"Knock Warlock","PG-13"
"Kramer Chocolate","R"
"Kwai Homeward","PG-13"
"Labyrinth League","PG-13"
"Rush Goodfellas","PG"
"Lady Stage","PG"
"Ladybugs Armageddon","NC-17"
"Lambs Cincinatti","PG-13"
"Language Cowboy","NC-17"
"Lawrence Love","NC-17"
"League Hellfighters","PG-13"
"Leathernecks Dwarfs","PG-13"
"Lebowski Soldiers","PG-13"
"Legally Secretary","PG"
"Legend Jedi","PG"
"Lesson Cleopatra","NC-17"
"Liaisons Sweet","PG"
"License Weekend","NC-17"
"Lies Treatment","NC-17"
"Life Twisted","NC-17"
"Lights Deer","R"
"Mars Roman","NC-17"
"Lion Uncut","PG"
"Loathing Legally","R"
"Lock Rear","R"
"Lola Agent","PG"
"Lolita World","NC-17"
"Lord Arizona","PG-13"
"Lose Inch","R"
"Loser Hustler","PG"
"Lost Bird","PG-13"
"Louisiana Harry","PG-13"
"Love Suicides","R"
"Lovely Jingle","PG"
"Loverboy Attacks","PG-13"
"Luck Opus","NC-17"
"Lucky Flying","PG-13"
"Luke Mummy","NC-17"
"Mask Peach","NC-17"
"Madigan Dorado","R"
"Madison Trap","R"
"Madness Attacks","PG-13"
"Madre Gables","PG-13"
"Magic Mallrats","PG"
"Magnificent Chitty","R"
"Magnolia Forrester","PG-13"
"Maguire Apache","NC-17"
"Maiden Home","PG"
"Majestic Floats","PG"
"Maker Gables","PG-13"
"Mallrats United","PG"
"Maltese Hope","PG-13"
"Manchurian Curtain","PG"
"Mannequin Worst","PG-13"
"Masked Bubble","PG-13"
"Massacre Usual","R"
"Massage Image","PG"
"Matrix Snowman","PG-13"
"Maude Mod","R"
"Memento Zoolander","NC-17"
"Mermaid Insects","NC-17"
"Metal Armageddon","PG-13"
"Metropolis Coma","PG-13"
"Microcosmos Paradise","PG-13"
"Mighty Luck","PG"
"Mile Mulan","PG"
"Million Ace","PG-13"
"Minds Truman","PG-13"
"Mine Titans","PG-13"
"Miracle Virtual","PG-13"
"Mission Zoolander","PG-13"
"Mixed Doors","PG-13"
"Mockingbird Hollywood","PG"
"Mod Secretary","NC-17"
"Model Fish","NC-17"
"Modern Dorado","PG"
"Money Harold","PG"
"Monsoon Cause","PG"
"Monster Spartacus","PG"
"Montezuma Command","NC-17"
"Moon Bunch","PG"
"Moonshine Cabin","PG-13"
"Mother Oleander","R"
"Motions Details","PG"
"Moulin Wake","PG-13"
"Mourning Purple","PG"
"Movie Shakespeare","PG"
"Mulholland Beast","PG"
"Mummy Creatures","NC-17"
"Muppet Mile","PG"
"Murder Antitrust","PG"
"Music Boondock","R"
"Musketeers Wait","PG"
"Mystic Truman","NC-17"
"Name Detective","PG-13"
"Nash Chocolat","PG-13"
"National Story","NC-17"
"Natural Stock","PG-13"
"Necklace Outbreak","PG"
"Neighbors Charade","R"
"Nemo Campus","NC-17"
"Network Peak","PG-13"
"Newton Labyrinth","PG"
"Nightmare Chill","PG"
"None Spiking","NC-17"
"North Tequila","NC-17"
"Northwest Polish","PG"
"Notorious Reunion","NC-17"
"Notting Speakeasy","PG-13"
"Nuts Ties","NC-17"
"October Submarine","PG-13"
"Odds Boogie","NC-17"
"Oklahoma Jumanji","PG"
"Oleander Clue","PG"
"Open African","PG"
"Opposite Necklace","PG"
"Opus Ice","R"
"Orange Grapes","PG-13"
"Order Betrayed","PG-13"
"Orient Closer","R"
"Oscar Gold","PG"
"Others Soup","PG"
"Outbreak Divine","NC-17"
"Outfield Massacre","NC-17"
"Outlaw Hanky","PG-13"
"Oz Liaisons","R"
"Packer Madigan","PG-13"
"Pajama Jawbreaker","R"
"Panther Reds","NC-17"
"Papi Necklace","PG"
"Paradise Sabrina","PG-13"
"Paris Weekend","PG-13"
"Park Citizen","PG-13"
"Party Knock","PG"
"Past Suicides","PG-13"
"Paths Control","PG"
"Patient Sister","NC-17"
"Patriot Roman","PG"
"Patton Interview","PG"
"Paycheck Wait","PG-13"
"Peach Innocent","PG-13"
"Peak Forever","PG"
"Pearl Destiny","NC-17"
"Pelican Comforts","PG"
"Perdition Fargo","NC-17"
"Perfect Groove","PG-13"
"Personal Ladybugs","PG-13"
"Pet Haunting","PG"
"Phantom Glory","NC-17"
"Philadelphia Wife","PG-13"
"Pianist Outfield","NC-17"
"Pilot Hoosiers","PG"
"Pinocchio Simon","PG"
"Pirates Roxanne","PG"
"Pittsburgh Hunchback","PG-13"
"Pity Bound","NC-17"
"Pizza Jumanji","NC-17"
"Platoon Instinct","PG-13"
"Pluto Oleander","R"
"Pocus Pulp","NC-17"
"Polish Brooklyn","PG"
"Pollock Deliverance","PG"
"Pond Seattle","PG-13"
"Poseidon Forever","PG-13"
"Potter Connecticut","PG"
"Prejudice Oleander","PG-13"
"President Bang","PG"
"Pride Alamo","NC-17"
"Princess Giant","NC-17"
"Private Drop","PG"
"Prix Undefeated","R"
"Psycho Shrunk","PG-13"
"Punk Divorce","PG"
"Pure Runner","NC-17"
"Purple Movie","R"
"Queen Luke","PG"
"Quest Mussolini","R"
"Quills Bull","R"
"Racer Egg","NC-17"
"Rage Games","R"
"Raging Airplane","R"
"Raiders Antitrust","PG-13"
"Rainbow Shock","PG"
"Random Go","NC-17"
"Range Moonwalker","PG"
"Reap Unfaithful","PG-13"
"Rear Trading","NC-17"
"Records Zorro","PG"
"Redemption Comforts","NC-17"
"Reds Pocus","PG-13"
"Reef Salute","NC-17"
"Reign Gentlemen","PG-13"
"Remember Diary","R"
"Requiem Tycoon","R"
"Reservoir Adaptation","PG-13"
"Resurrection Silverado","PG"
"Reunion Witches","R"
"Rider Caddyshack","PG"
"Ridgemont Submarine","PG-13"
"Right Cranes","PG-13"
"River Outlaw","PG-13"
"Road Roxanne","R"
"Robbers Joon","PG-13"
"Robbery Bright","R"
"Rocketeer Mother","PG-13"
"Rocky War","PG-13"
"Rollercoaster Bringing","PG-13"
"Roman Punk","NC-17"
"Roof Champion","R"
"Room Roman","PG"
"Roots Remember","PG-13"
"Roses Treasure","PG-13"
"Rouge Squad","NC-17"
"Roxanne Rebel","R"
"Rugrats Shakespeare","PG-13"
"Rules Human","R"
"Run Pacific","R"
"Runaway Tenenbaums","NC-17"
"Runner Madigan","NC-17"
"Rushmore Mermaid","PG-13"
"Sabrina Midnight","PG"
"Saddle Antitrust","PG-13"
"Salute Apollo","R"
"Santa Paris","PG"
"Saturn Name","R"
"Savannah Town","PG-13"
"Scalawag Duck","NC-17"
"Scarface Bang","PG-13"
"School Jacket","PG-13"
"Ship Wonderland","R"
"Scorpion Apollo","NC-17"
"Sea Virgin","PG"
"Seabiscuit Punk","NC-17"
"Searchers Wait","NC-17"
"Seattle Expecations","PG-13"
"Secret Groundhog","PG"
"Secretary Rouge","PG"
"Sense Greek","R"
"Sensibility Rear","PG"
"Seven Swarm","R"
"Shakespeare Saddle","PG-13"
"Shane Darkness","PG"
"Shanghai Tycoon","PG"
"Shawshank Bubble","PG"
"Shepherd Midsummer","R"
"Shock Cabin","PG-13"
"Shootist Superfly","PG-13"
"Show Lord","PG-13"
"Shrek License","PG-13"
"Shrunk Divine","R"
"Siege Madre","R"
"Sierra Divide","NC-17"
"Silence Kane","R"
"Silverado Goldfinger","PG"
"Simon North","NC-17"
"Sinners Atlantis","PG-13"
"Sister Freddy","PG-13"
"Sky Miracle","PG"
"Slacker Liaisons","R"
"Sleeping Suspects","PG-13"
"Sleepy Japanese","PG"
"Sleuth Orient","NC-17"
"Sling Luke","R"
"Slipper Fidelity","PG-13"
"Slums Duck","PG"
"Smoking Barbarella","PG-13"
"Smoochy Control","R"
"Snatch Slipper","PG"
"Snatchers Montezuma","PG-13"
"Soldiers Evolution","R"
"Something Duck","NC-17"
"Song Hedwig","PG-13"
"Sons Interview","NC-17"
"Sorority Queen","NC-17"
"Soup Wisdom","R"
"South Wait","R"
"Spartacus Cheaper","NC-17"
"Speakeasy Date","PG-13"
"Speed Suit","PG-13"
"Spice Sorority","NC-17"
"Spinal Rocky","PG-13"
"Spirit Flintstones","R"
"Spirited Casualties","PG-13"
"Splash Gump","PG"
"Splendor Patton","R"
"Spy Mile","PG-13"
"Squad Fish","PG"
"Stage World","PG"
"Stagecoach Armageddon","R"
"Stallion Sundance","PG-13"
"Stampede Disturbing","R"
"Star Operation","PG"
"State Wasteland","NC-17"
"Steel Santa","NC-17"
"Steers Armageddon","PG"
"Stepmom Dream","NC-17"
"Sting Personal","NC-17"
"Stock Glass","PG"
"Storm Happiness","NC-17"
"Story Side","R"
"Straight Hours","R"
"Strangelove Desire","NC-17"
"Tights Dawn","R"
"Strangers Graffiti","R"
"Streak Ridgemont","PG-13"
"Streetcar Intentions","R"
"Strictly Scarface","PG-13"
"Submarine Bed","R"
"Sugar Wonka","PG"
"Suit Walls","R"
"Sun Confessions","R"
"Sundance Invasion","NC-17"
"Sunrise League","PG-13"
"Sunset Racer","NC-17"
"Super Wyoming","PG"
"Superfly Trip","PG"
"Suspects Quills","PG"
"Swarm Gold","PG-13"
"Sweden Shining","PG"
"Sweet Brotherhood","R"
"Tadpole Park","PG"
"Talented Homicide","PG"
"Tarzan Videotape","PG-13"
"Taxi Kick","PG-13"
"Telegraph Voyage","PG"
"Telemark Heartbreakers","PG-13"
"Temple Attraction","PG"
"Tenenbaums Command","PG-13"
"Tequila Past","PG"
"Terminator Club","R"
"Texas Watch","NC-17"
"Theory Mermaid","PG-13"
"Thief Pelican","PG-13"
"Thin Sagebrush","PG-13"
"Ties Hunger","R"
"Titanic Boondock","R"
"Titans Jerk","PG"
"Tomatoes Hellfighters","PG"
"Tomorrow Hustler","R"
"Tootsie Pilot","PG"
"Tourist Pelican","PG-13"
"Towers Hurricane","NC-17"
"Town Ark","R"
"Trading Pinocchio","PG"
"Train Bunch","R"
"Trainspotting Strangers","PG-13"
"Tramp Others","PG"
"Translation Summer","PG-13"
"Treasure Command","PG-13"
"Treatment Jekyll","PG"
"Trip Newton","PG-13"
"Trojan Tomorrow","PG"
"Troopers Metal","R"
"Trouble Date","PG"
"Tuxedo Mile","R"
"Twisted Pirates","PG"
"Uncut Suicides","PG-13"
"Undefeated Dalmations","PG-13"
"Unfaithful Kill","R"
"Unforgiven Zoolander","PG"
"United Pilot","R"
"Untouchables Sunrise","NC-17"
"Uprising Uptown","NC-17"
"Uptown Young","PG"
"Usual Untouchables","PG-13"
"Vacation Boondock","R"
"Valentine Vanishing","PG-13"
"Vampire Whale","NC-17"
"Vanilla Day","NC-17"
"Vanished Garden","R"
"Vanishing Rocky","NC-17"
"Varsity Trip","NC-17"
"Velvet Terminator","R"
"Vertigo Northwest","R"
"Victory Academy","PG-13"
"Videotape Arsenic","NC-17"
"Vietnam Smoochy","PG-13"
"Villain Desperate","PG-13"
"Virgin Daisy","PG-13"
"Virginian Pluto","R"
"Virtual Spoilers","NC-17"
"Vision Torque","PG-13"
"Voice Peach","PG-13"
"Volcano Texas","NC-17"
"Volume House","PG"
"Voyage Legally","PG-13"
"Wagon Jaws","PG"
"Wait Cider","PG-13"
"Walls Artist","PG"
"Wanda Chamber","PG-13"
"Wash Heavenly","R"
"Wasteland Divine","PG"
"Watch Tracy","PG"
"Wedding Apollo","PG"
"Weekend Personal","R"
"Westward Seabiscuit","NC-17"
"Whale Bikini","PG-13"
"Whisperer Giant","PG-13"
"Wife Turn","NC-17"
"Wild Apollo","R"
"Willow Tracy","R"
"Wind Phantom","R"
"Window Side","R"
"Wisdom Worker","R"
"Witches Panic","NC-17"
"Wizard Coldblooded","PG"
"Wolves Desire","NC-17"
"Women Dorado","R"
"Won Dares","PG"
"Wonderful Drop","NC-17"
"Wonderland Christmas","PG"
"Wonka Sea","NC-17"
"Words Hunter","PG"
"Worker Tarzan","R"
"Working Microcosmos","R"
"World Leathernecks","PG-13"
"Worst Banger","PG"
"Wrath Mile","NC-17"
"Wrong Behavior","PG-13"
"Wyoming Storm","PG-13"
"Yentl Idaho","R"
"Youth Kick","NC-17"
"Zhivago Core","NC-17"
"Zoolander Fiction","R"
"Zorro Ark","NC-17"
